0,1,2,3,4,5,6,7,8,9,10,11,12,13,14,15,16,17,18,19,20,21,22,23,24,25,26,27,28,29,30,31,32,33,34,35,36,37,38,39,40,41,42,43,44,45,46,47,48,49,50,51,52,53,54,55,56,57,58,59,60,61,62,63,64,65,66,67,68,69,70,71,72,73,74,75,76,77,78,79,80,81,82,83,84,85,86,87,88,89,90,91,92,93,94,95,96,97,98,99,100,101,102,103,104,105,106,107,108,109,110,111,112,113,114,115,116,117,118,119,120,121,122,123,124,125,126,127,128,129,130,131,132,133,134,135,136,137,138,139,140,141,142,143,144,145,146,147,148,149,150,151,152,153,154,155,156,157,158,159,160,161,162,163,164,165,166,167,168,169,170,171,172,173,174,175,176,177,178,179,180,181,182,183,184,185,186,187,188,189,190,191,192,193,194,195,196,197,198,199
-0.13321306,-0.12354424,0.06287159,0.5325318,0.2773349,-0.36632612,-0.124124415,0.401387,-0.18762107,0.07468968,-0.036992628,-0.27440003,0.09610399,0.14615531,-0.118177116,-0.21768211,-0.1135598,0.09704662,0.31768462,-0.49335283,0.28751522,-0.3481887,-0.19032839,-0.028181314,0.053942047,-0.13694416,-0.07362532,-0.14425229,-0.3453641,0.18800627,0.07585131,0.18663114,-0.008223397,-0.09660196,0.19423553,0.19174564,0.22199006,-0.10828,-0.1154206,-0.275213,-0.22935274,-0.0045226947,-0.053583074,-0.062639,0.18608561,-0.000500826,-0.13570607,-0.06241981,0.17492563,0.26267168,-0.23827624,-0.06643441,-0.061741155,-0.14904688,0.04067027,-0.080929644,0.25848898,-0.18302953,-0.4309898,0.11095514,-0.19666642,-0.26225662,-0.08665425,0.00084444036,-0.72526205,-0.2162692,-0.02703164,0.40859708,-0.28646588,0.3965796,-0.24084322,0.1459938,0.30045182,0.007121374,-0.14275339,0.19641544,0.051714413,-0.13891172,-0.53809303,0.021083612,-0.101770625,-0.122197054,-0.1001653,0.37222525,-0.30705076,0.21528064,0.1920472,0.37848037,0.17599908,0.12961051,0.21631484,0.21102853,0.027837465,0.26382044,0.31502256,0.13974734,0.041265763,-0.37806752,0.444725,0.32618976,-0.3019353,0.1672622,0.21342342,-0.28832412,-0.26390663,-0.23645261,-0.15510231,0.17046127,-0.26759344,-0.24435128,0.15537721,-0.49825713,0.13519098,0.019237658,0.39977992,-0.036168672,0.19678183,-0.651557,0.045108065,-0.45927495,0.030601483,0.37240523,0.21597342,-0.023202356,-0.24503979,-0.059038915,-0.24015433,0.1686419,0.07014515,-0.30611235,0.3643262,0.2596859,-0.23457061,-0.065505356,0.021089181,0.34112892,0.13052447,-0.3449646,-0.13245133,-0.2004249,0.20735508,-0.5025889,-0.025653262,-0.2489633,-0.03964193,-0.0019461721,-0.25979033,0.037754778,0.16967061,0.08755305,0.3568401,-0.114027016,-0.036355328,0.38631362,-0.5398518,0.40145716,0.3456744,0.40604866,-0.05126329,0.05613654,0.17212547,0.18590254,-0.10806499,-0.03816826,0.024986478,0.13274965,0.38479084,-0.3477779,-0.33374238,0.022154858,-0.07845193,0.16350774,-0.065511316,-0.07484749,0.17612055,-0.042810082,-0.24973178,0.3047717,0.039163258,0.30814233,-0.022450723,-0.02797301,-0.24467027,0.08777037,-0.04160849,0.179412,-0.1825914,0.2249398,0.3274027,0.10255208,0.15888363,0.01906321,0.019292895,-0.21267754,0.4056341,0.103057444,0.27092132,-0.44026554,-0.09657117,-0.034415543
-0.13925079,-0.13146047,0.0642931,0.5617593,0.2931169,-0.38539112,-0.12749708,0.42391536,-0.19884633,0.07877241,-0.038369257,-0.28890017,0.10114331,0.15458846,-0.12605357,-0.22956616,-0.11803036,0.102486484,0.33285624,-0.5245176,0.30438727,-0.3663084,-0.19964433,-0.031104159,0.058181804,-0.1458042,-0.07637706,-0.14850697,-0.36710525,0.19973296,0.08027806,0.19572072,-0.0074433093,-0.1041381,0.20312297,0.20289594,0.2338625,-0.11435669,-0.121949725,-0.2901508,-0.24230854,-0.0052849846,-0.055298585,-0.06388709,0.19834748,-0.0006268139,-0.14511885,-0.065471865,0.18461439,0.27629644,-0.25227934,-0.06915105,-0.066234864,-0.15731393,0.041033775,-0.08765969,0.27145687,-0.19419378,-0.45784068,0.117228076,-0.20742874,-0.2788488,-0.09030326,0.0012808329,-0.7693269,-0.22501424,-0.02832493,0.4339196,-0.30609572,0.42046282,-0.25471693,0.15741552,0.31860477,0.0073341625,-0.1477236,0.20715782,0.057155885,-0.14756772,-0.56862086,0.022325758,-0.107693896,-0.12839799,-0.10570336,0.3946704,-0.32366094,0.2268311,0.20321278,0.39871925,0.18481356,0.1375941,0.2284085,0.2240741,0.03274413,0.27693316,0.33395055,0.14890562,0.04529763,-0.39881518,0.4698665,0.34418184,-0.3191612,0.17946398,0.22597691,-0.3027041,-0.27930066,-0.25023913,-0.16419342,0.1798718,-0.28258175,-0.26064596,0.16348152,-0.5276887,0.14180343,0.018786214,0.42390734,-0.03874579,0.21084362,-0.6890742,0.043727808,-0.48336458,0.031874724,0.3933767,0.22892009,-0.022947332,-0.25982887,-0.06427973,-0.2543122,0.17757258,0.07369074,-0.32078254,0.38628775,0.27395728,-0.247225,-0.07255104,0.021962201,0.3616739,0.13812105,-0.36261046,-0.13853024,-0.21039826,0.22086373,-0.53023696,-0.027897185,-0.26293045,-0.04023633,-0.0023257113,-0.27461237,0.039004628,0.18037255,0.09117001,0.3778995,-0.123341195,-0.03942138,0.40406772,-0.57067364,0.42463085,0.36608958,0.42965907,-0.05359487,0.0608679,0.18194123,0.19947316,-0.11192779,-0.04178876,0.026627777,0.14073892,0.40641934,-0.3647132,-0.35365033,0.021926504,-0.08097703,0.17085385,-0.06877957,-0.07469131,0.1854421,-0.045780845,-0.26407787,0.32339126,0.04189186,0.3241989,-0.02576429,-0.028550375,-0.25627002,0.09247846,-0.044033416,0.18894535,-0.18899938,0.23845923,0.3449887,0.104933664,0.16683134,0.020136664,0.020951178,-0.22674099,0.42697856,0.10696407,0.28796566,-0.4653678,-0.101721935,-0.03543957
-0.113412924,-0.10510149,0.05280803,0.45179185,0.23591101,-0.31197512,-0.10440317,0.3425957,-0.16011421,0.06329738,-0.03123824,-0.23304704,0.08177584,0.124137156,-0.10212973,-0.18565896,-0.095496535,0.08257907,0.2697821,-0.42148983,0.24464515,-0.29700065,-0.1623631,-0.025341362,0.046173785,-0.11758473,-0.061956476,-0.12243766,-0.29477018,0.1614039,0.065625414,0.1593232,-0.0053271707,-0.08326826,0.16470675,0.16375409,0.18910135,-0.092646666,-0.097887754,-0.23488915,-0.19551508,-0.004403059,-0.043980755,-0.05235188,0.15965392,-0.00014391576,-0.11653257,-0.05267145,0.14820352,0.22359304,-0.20322235,-0.056429394,-0.05309511,-0.12671551,0.03392711,-0.07010727,0.21915162,-0.15589575,-0.36781552,0.094739035,-0.16700228,-0.22300647,-0.07313075,-3.346559e-05,-0.61853415,-0.18290833,-0.02265058,0.34892744,-0.2451473,0.33797854,-0.2051412,0.12525153,0.25678855,0.0071280603,-0.11948671,0.16663325,0.04514024,-0.119014986,-0.4593829,0.017601006,-0.08662913,-0.10306371,-0.086917356,0.31753036,-0.2606078,0.18327357,0.16371872,0.3227703,0.14940922,0.11081342,0.18469267,0.18095864,0.024837011,0.22449955,0.2692992,0.1194288,0.035736542,-0.3217478,0.37959078,0.27708516,-0.25641227,0.14442782,0.1820833,-0.24603806,-0.22475064,-0.20187981,-0.1309431,0.14566353,-0.22740026,-0.2083656,0.1317457,-0.42441273,0.115144,0.015312466,0.34036067,-0.03077556,0.16809829,-0.5546132,0.036858346,-0.39101323,0.02614793,0.31775165,0.184992,-0.018726123,-0.2087628,-0.05091175,-0.20384999,0.1437292,0.059549592,-0.2593827,0.30997115,0.22059761,-0.19966792,-0.05690983,0.017320512,0.2907928,0.11090755,-0.29360494,-0.11252371,-0.17084034,0.1769036,-0.4281884,-0.02237549,-0.2124055,-0.033082284,-0.0015443813,-0.22098067,0.03204809,0.14433247,0.07352118,0.3038869,-0.098580174,-0.031445164,0.3274215,-0.46119392,0.34225988,0.294916,0.3468097,-0.044139463,0.04859577,0.14782503,0.1591753,-0.09116837,-0.032084305,0.021066438,0.11429375,0.32730147,-0.29436326,-0.28423238,0.017642869,-0.06639529,0.13917102,-0.05602998,-0.06264746,0.15005903,-0.03687116,-0.21401665,0.26122016,0.03317794,0.26268193,-0.018779831,-0.02418362,-0.20796174,0.074846044,-0.034706853,0.15397245,-0.15374184,0.19181645,0.27942294,0.08629673,0.13540444,0.015690358,0.016382989,-0.1817618,0.34465677,0.087680615,0.23062874,-0.37528706,-0.08252108,-0.029793913
-0.14663896,-0.13734423,0.06570855,0.5879832,0.30815402,-0.40438503,-0.1329375,0.4465531,-0.21021838,0.08252688,-0.039957643,-0.3029683,0.10766234,0.16314502,-0.1338498,-0.24072772,-0.12261213,0.10892818,0.3507419,-0.5522311,0.3187126,-0.38665396,-0.20886624,-0.03260596,0.061279975,-0.1540781,-0.08024512,-0.15695879,-0.38553888,0.21161948,0.085485786,0.20714827,-0.006783008,-0.10933359,0.21450426,0.21417718,0.24560007,-0.12114491,-0.12845953,-0.30691132,-0.2540799,-0.007403047,-0.05701364,-0.06588767,0.21001804,0.00058946863,-0.15342343,-0.070210256,0.19299768,0.28943083,-0.26365343,-0.07570673,-0.070553675,-0.16593586,0.043145075,-0.09328736,0.2839559,-0.20591025,-0.48184678,0.12178399,-0.21733345,-0.29328918,-0.0934302,0.0017408838,-0.809508,-0.23578495,-0.030026881,0.45535085,-0.32261014,0.44220942,-0.27002072,0.1662081,0.3348089,0.011133519,-0.1545012,0.21792513,0.060869742,-0.15464185,-0.5984799,0.022888776,-0.112778954,-0.13512966,-0.11345789,0.41460615,-0.3408107,0.23797497,0.21453488,0.41956472,0.19333833,0.14369154,0.24091297,0.23641042,0.034177165,0.2921877,0.35239008,0.15573509,0.049947795,-0.41865426,0.49511126,0.36065763,-0.33433077,0.19000313,0.2384429,-0.32001147,-0.2945394,-0.26353458,-0.17153026,0.19081412,-0.29785442,-0.27435765,0.1723428,-0.55540216,0.15001148,0.017231947,0.4453292,-0.04193197,0.22097942,-0.72580224,0.045024723,-0.5101173,0.03282551,0.41433883,0.24157968,-0.02386217,-0.27516228,-0.06803402,-0.26765484,0.18651852,0.077778794,-0.33725485,0.40539113,0.28748754,-0.260464,-0.077210985,0.021718914,0.3819305,0.14449911,-0.38245586,-0.14691152,-0.22248103,0.23381622,-0.55786943,-0.02958591,-0.27667302,-0.041662235,-0.0037073044,-0.28928402,0.041816175,0.19005215,0.09581864,0.39717045,-0.13095443,-0.039192364,0.42553353,-0.60278994,0.44676724,0.38573194,0.4523281,-0.05652672,0.063676745,0.1952501,0.20942965,-0.11698525,-0.04229107,0.02809792,0.1500467,0.42714489,-0.38013366,-0.37304032,0.01967032,-0.0840567,0.18302155,-0.07193636,-0.079730116,0.19566043,-0.0475722,-0.27861372,0.34062886,0.043360453,0.3408836,-0.02610209,-0.032005385,-0.27213848,0.09840889,-0.045721464,0.20008747,-0.19842808,0.25325042,0.36428148,0.1109648,0.17721586,0.021846546,0.0203322,-0.23688059,0.45064571,0.11180336,0.30124277,-0.49142498,-0.10547918,-0.039029017
-0.1380778,-0.12941061,0.06365442,0.5564935,0.2904501,-0.3822281,-0.12636091,0.42112175,-0.19738062,0.07772555,-0.03765999,-0.2869936,0.10128887,0.15416601,-0.12605493,-0.22679946,-0.11719166,0.102311805,0.3309012,-0.5197472,0.3013191,-0.36395818,-0.198053,-0.029734248,0.057130095,-0.14462316,-0.07578526,-0.1504044,-0.3632493,0.19807887,0.08002639,0.19538991,-0.0070366147,-0.102607615,0.20239894,0.20234305,0.23233332,-0.114436254,-0.12134773,-0.29008546,-0.23944345,-0.006405978,-0.054348905,-0.06360473,0.1978488,0.0007103822,-0.14431792,-0.06612203,0.18288493,0.27472103,-0.24934913,-0.07136206,-0.06629093,-0.15623163,0.04114888,-0.08628992,0.2692852,-0.1939388,-0.4549909,0.11578601,-0.20487541,-0.27511585,-0.08915251,0.0011563171,-0.76236206,-0.22373077,-0.030039668,0.42956027,-0.30201364,0.41602165,-0.25331,0.15572931,0.31588998,0.008939634,-0.14672874,0.20435047,0.05687752,-0.14672622,-0.5647243,0.022074495,-0.10617299,-0.1277795,-0.10736305,0.39046004,-0.3223977,0.22515605,0.20200485,0.39629158,0.18326184,0.1356338,0.22704971,0.22325535,0.03106936,0.27727976,0.3321287,0.1475345,0.045145568,-0.39646763,0.4656379,0.3417766,-0.31566885,0.17760843,0.2257741,-0.30197963,-0.27742907,-0.24863431,-0.16149709,0.18024838,-0.28111684,-0.2579455,0.1625483,-0.5241163,0.14246081,0.01840883,0.41946962,-0.03963109,0.20768094,-0.6843186,0.045345146,-0.4816481,0.031932723,0.39103082,0.22688764,-0.02440823,-0.25875852,-0.063237526,-0.2529392,0.17655747,0.072793625,-0.31980863,0.38273498,0.27223906,-0.24565364,-0.07099863,0.02085367,0.35921958,0.13588303,-0.36163095,-0.13882285,-0.21010567,0.22000274,-0.5275229,-0.02734461,-0.26080608,-0.040459942,-0.0030485878,-0.27371973,0.03883789,0.17841627,0.09087128,0.37511075,-0.12135612,-0.037527878,0.40281692,-0.56727403,0.42157957,0.3633293,0.42617896,-0.053440813,0.060348243,0.18194373,0.19658244,-0.11282925,-0.039392963,0.026357098,0.14097196,0.40266424,-0.36087456,-0.35060117,0.020761846,-0.08047239,0.17153877,-0.067747146,-0.076635525,0.18568115,-0.04566775,-0.26193234,0.3200129,0.0418956,0.32291546,-0.025123965,-0.028883306,-0.2570388,0.09265777,-0.043321617,0.18905072,-0.18825556,0.23749691,0.34461713,0.105637126,0.16697925,0.020064956,0.020226113,-0.22464903,0.42479384,0.10693459,0.28408214,-0.46233732,-0.10012089,-0.03721499
-0.11351531,-0.10583677,0.053430464,0.45548114,0.23776042,-0.3133636,-0.105790526,0.3434546,-0.16048066,0.064536385,-0.03187187,-0.23467062,0.081645034,0.12493909,-0.10186613,-0.18706462,-0.09678021,0.08301262,0.27122715,-0.4228212,0.24612607,-0.2984465,-0.16309689,-0.024651345,0.04567452,-0.11773785,-0.06314469,-0.12294628,-0.29677972,0.16135623,0.06549356,0.15936169,-0.00653614,-0.083128095,0.1657425,0.16407661,0.19028875,-0.09276312,-0.09885397,-0.23565985,-0.19659881,-0.0039627207,-0.04537335,-0.05277825,0.16018362,-0.0009429919,-0.116102755,-0.053816125,0.14977561,0.22500034,-0.20391978,-0.05662637,-0.053118866,-0.12760435,0.034453265,-0.07001846,0.22081745,-0.15659927,-0.3695059,0.09475263,-0.16851586,-0.22447456,-0.0740615,0.0006596648,-0.6201746,-0.18444254,-0.022386268,0.35036406,-0.2458032,0.33928004,-0.2057755,0.12540899,0.25754544,0.0062499847,-0.121194035,0.16806248,0.044728424,-0.119586065,-0.46065804,0.017642824,-0.08716657,-0.1046288,-0.086453095,0.319422,-0.26267055,0.18403934,0.16386394,0.32406232,0.15041089,0.11115092,0.18525976,0.181198,0.024747102,0.22538105,0.27027538,0.12023174,0.035805166,-0.32344842,0.38117287,0.27866673,-0.25870174,0.14380924,0.18298003,-0.24644375,-0.22590913,-0.20255366,-0.1322533,0.14559607,-0.22868936,-0.2096369,0.1323841,-0.42613026,0.11514203,0.015760103,0.34174448,-0.0307604,0.16862987,-0.5577149,0.037742823,-0.3926259,0.02572622,0.31925368,0.18532321,-0.019760951,-0.20939635,-0.050527953,-0.20530929,0.14362445,0.05953469,-0.26148912,0.31157857,0.22272357,-0.20028643,-0.05670182,0.017707288,0.2922071,0.11070579,-0.29516837,-0.113382995,-0.17224121,0.17804362,-0.43036288,-0.022705501,-0.2131128,-0.033591196,-0.0020893351,-0.2225424,0.03229245,0.14512944,0.074348286,0.3052546,-0.09852779,-0.03158476,0.32956892,-0.46256387,0.34392035,0.29548037,0.34742472,-0.044520594,0.04838695,0.14782864,0.15959433,-0.09241091,-0.033023063,0.021490239,0.113966845,0.32958505,-0.29753307,-0.28574848,0.018604461,-0.06745205,0.13980548,-0.05597846,-0.063308254,0.1510294,-0.036023356,-0.21423727,0.26125073,0.03390975,0.2638457,-0.019207798,-0.024043126,-0.20851764,0.07501979,-0.035496347,0.15326159,-0.15469503,0.19242647,0.28023937,0.08701984,0.135661,0.0162562,0.016409967,-0.1821798,0.34686095,0.0880215,0.23180197,-0.37668687,-0.08271801,-0.029418
-0.14711538,-0.13716665,0.067169994,0.5913423,0.3077369,-0.40574956,-0.13349833,0.44632053,-0.21046266,0.08249218,-0.039604906,-0.30420658,0.107868314,0.16328807,-0.13294907,-0.24088557,-0.12374526,0.10849478,0.35118213,-0.5521187,0.3198168,-0.38609514,-0.20957457,-0.032246232,0.061368648,-0.15362158,-0.081303395,-0.15845391,-0.385616,0.21008408,0.0851371,0.20800269,-0.007620981,-0.108821124,0.2147005,0.21484523,0.24604258,-0.12157797,-0.12877217,-0.30751017,-0.25472194,-0.0065242616,-0.05752724,-0.06814221,0.2096767,0.00072627875,-0.15312141,-0.069881424,0.1936227,0.291068,-0.264461,-0.07527887,-0.07077867,-0.16571037,0.044090517,-0.09227415,0.28562367,-0.20566387,-0.4822504,0.122650385,-0.2180672,-0.29338798,-0.09481637,0.00134336,-0.81026655,-0.23753227,-0.03135689,0.4558754,-0.3218847,0.442553,-0.2700976,0.16538078,0.335097,0.0097556105,-0.15607657,0.21786813,0.059988134,-0.1554635,-0.599354,0.023437627,-0.112578824,-0.13570563,-0.1127353,0.41492966,-0.341578,0.23876725,0.21446754,0.42022774,0.19468372,0.14463636,0.24077977,0.23620631,0.032978844,0.29367062,0.35259676,0.15638758,0.048335038,-0.42026165,0.4950189,0.36204523,-0.3353093,0.18802413,0.23919305,-0.3195436,-0.29453087,-0.263876,-0.17200372,0.1906102,-0.2983485,-0.27423593,0.17212765,-0.5564192,0.15022223,0.019270495,0.4456915,-0.040710967,0.22119962,-0.7266027,0.04663794,-0.51104397,0.03363128,0.41557202,0.24127881,-0.025798116,-0.2744496,-0.066915356,-0.26904306,0.18792911,0.07747654,-0.3389843,0.4064363,0.28884953,-0.26067773,-0.075532414,0.021946594,0.38184655,0.14495438,-0.3832284,-0.14724284,-0.22220878,0.2341457,-0.5588344,-0.029254999,-0.27734104,-0.04233276,-0.003021092,-0.29047608,0.042027287,0.19041647,0.0964852,0.39782053,-0.12979029,-0.039638255,0.4273524,-0.6027366,0.4477574,0.38528055,0.45268986,-0.05626839,0.06395289,0.1936368,0.20954934,-0.11876444,-0.04274715,0.02773388,0.14994338,0.42774597,-0.38343456,-0.3726355,0.02159573,-0.085564665,0.18249504,-0.07208645,-0.081326544,0.19609113,-0.048258577,-0.2778003,0.33931622,0.04433766,0.3417792,-0.026384493,-0.031095784,-0.27276146,0.09857883,-0.04637717,0.1998858,-0.20002466,0.25236753,0.36512157,0.111865185,0.17645808,0.02125763,0.02091403,-0.23783508,0.450902,0.112772636,0.30201957,-0.4911439,-0.10577819,-0.038702764
-0.14508325,-0.13658354,0.06540825,0.58754516,0.30410907,-0.40370497,-0.13005932,0.44475782,-0.21092898,0.08096638,-0.036575396,-0.30246142,0.11076877,0.16485527,-0.13511023,-0.23774108,-0.118853904,0.10955558,0.34979957,-0.553787,0.3188841,-0.38565454,-0.20720707,-0.032109745,0.0613619,-0.1552722,-0.08088034,-0.15897383,-0.3859067,0.21119393,0.085882634,0.20999718,-0.0061705485,-0.108918935,0.21432072,0.21726617,0.24396527,-0.12575176,-0.1303931,-0.31095526,-0.2532805,-0.008763706,-0.05410761,-0.06760707,0.2128656,0.004687642,-0.15639554,-0.07218905,0.1906405,0.2911783,-0.26325926,-0.07901019,-0.07569095,-0.16489616,0.04320444,-0.0947427,0.28398216,-0.20901266,-0.4860306,0.120918386,-0.21775435,-0.2935784,-0.0941186,0.001658178,-0.812079,-0.2344934,-0.03425214,0.4536486,-0.3227314,0.4424799,-0.2734142,0.16683939,0.33414233,0.0132747,-0.15405133,0.21697554,0.06289993,-0.15488909,-0.60029745,0.024802841,-0.110572435,-0.13536544,-0.11580973,0.41498345,-0.34261647,0.23921235,0.21524782,0.419465,0.1933282,0.1451901,0.23978814,0.23732145,0.031479098,0.29569647,0.35398307,0.15686691,0.05133134,-0.42126086,0.4952701,0.3617468,-0.33224458,0.18787307,0.24300033,-0.31864074,-0.29648775,-0.26449952,-0.17020023,0.19174528,-0.29936454,-0.2746292,0.17132561,-0.5576068,0.15097092,0.01617588,0.44498613,-0.040948857,0.2220177,-0.7272717,0.04453524,-0.5129312,0.03303631,0.41710854,0.24162921,-0.028529944,-0.27686402,-0.066285685,-0.27120844,0.18909603,0.07651721,-0.3370456,0.40510672,0.28950813,-0.25970554,-0.07708663,0.020566475,0.38344616,0.14334977,-0.3861554,-0.14851357,-0.22300777,0.23862019,-0.55940074,-0.03036209,-0.27705973,-0.03999232,-0.0057734023,-0.29279932,0.042355403,0.19232349,0.09501761,0.39822602,-0.13244295,-0.036950976,0.4251842,-0.6054357,0.44852868,0.38402364,0.45240822,-0.05537882,0.06575909,0.19841774,0.2105063,-0.11958377,-0.039421998,0.028229404,0.15455121,0.42672828,-0.37750655,-0.37372255,0.017242046,-0.08414774,0.18437278,-0.07066855,-0.08142499,0.19642706,-0.048365105,-0.27667367,0.33804083,0.044646677,0.34058216,-0.027529215,-0.032518618,-0.27693617,0.1005391,-0.04623932,0.20139629,-0.19523683,0.25479272,0.36661485,0.110610455,0.17642727,0.02069639,0.019552939,-0.2371461,0.45092645,0.11058407,0.3012792,-0.4924446,-0.103702605,-0.040610407
-0.11770559,-0.1104594,0.05424766,0.47275332,0.24641174,-0.32541803,-0.108156204,0.35711733,-0.16720434,0.06650963,-0.03224546,-0.2436942,0.08649887,0.13007306,-0.10688049,-0.1933267,-0.099066995,0.086505465,0.2813283,-0.44115517,0.25559384,-0.3095896,-0.16884953,-0.026031464,0.048134137,-0.1227872,-0.06498756,-0.1274135,-0.30847585,0.16851367,0.06847701,0.16616094,-0.006106104,-0.08677363,0.17224152,0.17182896,0.19682471,-0.097057216,-0.10274438,-0.24576724,-0.20393206,-0.0050214226,-0.04616317,-0.05411481,0.1681677,0.00011799755,-0.1215718,-0.05603935,0.15484433,0.23309968,-0.21181646,-0.059883833,-0.05656689,-0.13280943,0.03466378,-0.07358174,0.22906145,-0.16378129,-0.38589913,0.09834232,-0.17477438,-0.23395815,-0.07629921,0.0012741615,-0.647013,-0.19024241,-0.024446908,0.36443657,-0.25681722,0.35319307,-0.21561585,0.131595,0.26845172,0.007622804,-0.12540582,0.17415567,0.047442824,-0.12445532,-0.4797127,0.018614084,-0.090241075,-0.108541094,-0.09044004,0.33189136,-0.27279812,0.19127536,0.17092788,0.33681077,0.156226,0.11550389,0.19241308,0.18913671,0.026106775,0.23453055,0.2814008,0.12508996,0.038183335,-0.33625397,0.3958743,0.28933844,-0.26825026,0.15019673,0.19114543,-0.25600547,-0.23526528,-0.2111964,-0.13767616,0.15221414,-0.23787159,-0.21865079,0.13778536,-0.44401175,0.119844206,0.015148699,0.3559096,-0.03253169,0.17651452,-0.58058286,0.03809739,-0.40837774,0.026691563,0.33199042,0.19281133,-0.02049722,-0.21878281,-0.05390793,-0.21384506,0.15036885,0.06186806,-0.2712394,0.3243041,0.23089719,-0.20824277,-0.05984385,0.017588867,0.30456516,0.11537232,-0.30713838,-0.118279055,-0.17807712,0.18631075,-0.44705606,-0.023300022,-0.2216889,-0.033735476,-0.0025956142,-0.23151954,0.033262953,0.15132968,0.07679106,0.3178627,-0.10362821,-0.03217597,0.34178516,-0.48168322,0.35773695,0.30790287,0.36174938,-0.045165602,0.050696127,0.15456247,0.16705589,-0.09559615,-0.033305578,0.02214574,0.11942642,0.34183297,-0.3067959,-0.29774696,0.017793253,-0.068846874,0.14561781,-0.057721052,-0.06493483,0.15706673,-0.038149845,-0.22213133,0.27160534,0.034911945,0.2735985,-0.020681737,-0.025220454,-0.21750154,0.07890094,-0.036818177,0.16016997,-0.15998384,0.20106897,0.29188094,0.09002812,0.14089175,0.01677224,0.0172099,-0.18949464,0.36038432,0.09082658,0.24146238,-0.39222473,-0.085459895,-0.030639356
-0.1370494,-0.12764515,0.062631115,0.54893565,0.28641215,-0.37856564,-0.123347096,0.41563296,-0.19454695,0.07713872,-0.03627545,-0.2832068,0.09931558,0.15137193,-0.1251067,-0.22393362,-0.115185164,0.10092065,0.32628417,-0.51149994,0.29671538,-0.35961273,-0.19563754,-0.031172065,0.05743853,-0.1435595,-0.07592517,-0.14796606,-0.3577473,0.1943337,0.07974008,0.19370314,-0.006785024,-0.101851024,0.19909419,0.19847311,0.22898464,-0.1122613,-0.1175639,-0.28739396,-0.23599936,-0.006054092,-0.052326575,-0.064156964,0.19487736,0.00046288897,-0.14293042,-0.06433276,0.18147731,0.27123815,-0.2471962,-0.0697371,-0.06526493,-0.15497655,0.04103434,-0.08478851,0.26585144,-0.19040605,-0.44707674,0.11504409,-0.20157206,-0.2723895,-0.08710991,0.0009789604,-0.7531046,-0.22170599,-0.029839784,0.42427513,-0.29901135,0.4105906,-0.25022998,0.15253739,0.31220996,0.0093194125,-0.14468078,0.20035388,0.054624733,-0.14539495,-0.55811363,0.02175126,-0.10461474,-0.1251734,-0.105775215,0.38639733,-0.3174784,0.22214708,0.20058727,0.3902654,0.18145192,0.13349131,0.22477083,0.22006972,0.03139947,0.2741341,0.32871902,0.14467503,0.04358525,-0.3900455,0.45969585,0.3351239,-0.31101358,0.17480224,0.22207072,-0.2975463,-0.27255344,-0.2453125,-0.16100185,0.17855166,-0.27700052,-0.25434417,0.16059211,-0.5161437,0.14010318,0.0197952,0.4143408,-0.038286097,0.20539671,-0.67475426,0.044052225,-0.47418633,0.032068912,0.38559297,0.22443993,-0.02393505,-0.25467178,-0.06358941,-0.25014853,0.17469288,0.072032064,-0.31524542,0.37731677,0.2680191,-0.24133553,-0.06951049,0.019536354,0.3553868,0.13432261,-0.35696456,-0.13724373,-0.20525454,0.2166535,-0.5198438,-0.02693384,-0.25684232,-0.039856274,-0.0013290453,-0.27012682,0.038573384,0.17600934,0.08969606,0.36939695,-0.120446876,-0.038765125,0.39799422,-0.5608024,0.41729993,0.3591223,0.42116028,-0.052266885,0.05953103,0.18006591,0.195373,-0.11154111,-0.038204096,0.0254231,0.13922581,0.3978938,-0.35719854,-0.34561893,0.021504665,-0.079906456,0.16885148,-0.06761207,-0.076127015,0.18331511,-0.0468151,-0.25834858,0.3157776,0.04180613,0.3187509,-0.024532821,-0.029544568,-0.2537772,0.09235237,-0.04243285,0.1873286,-0.18717349,0.23345163,0.34045807,0.104474984,0.16463652,0.019881645,0.01942005,-0.22171567,0.4186258,0.105784506,0.2796994,-0.45661548,-0.09920203,-0.037010137
-0.1460901,-0.13705006,0.06774923,0.58892244,0.30619943,-0.404602,-0.13361764,0.44420677,-0.20856087,0.08221798,-0.039230764,-0.30325752,0.1061448,0.16252427,-0.13251543,-0.24000601,-0.12373402,0.10758679,0.3495205,-0.54919475,0.3193017,-0.38392955,-0.20897,-0.032256752,0.06119066,-0.15247509,-0.08123222,-0.15796892,-0.38397813,0.20893668,0.08457887,0.20682198,-0.0076702232,-0.108703725,0.21367218,0.21361366,0.24497567,-0.120615914,-0.12827036,-0.30593786,-0.25342986,-0.005761675,-0.0571174,-0.06839137,0.20840895,0.0005419732,-0.1523861,-0.06939175,0.19322747,0.2908295,-0.26358697,-0.07424835,-0.0699945,-0.16427992,0.044059884,-0.09155044,0.2847246,-0.20429823,-0.48010057,0.12277468,-0.21739545,-0.29182148,-0.095131956,0.00096966885,-0.80614513,-0.23677991,-0.030836707,0.45477667,-0.3197678,0.44008315,-0.26788926,0.16429761,0.33337826,0.008391762,-0.15528043,0.21658738,0.059335243,-0.15504462,-0.5967545,0.023419073,-0.112853274,-0.13477573,-0.11187662,0.41372782,-0.34044963,0.23872747,0.21372533,0.41848347,0.19390383,0.14399478,0.24000126,0.23516092,0.032463335,0.2925009,0.35120535,0.15623172,0.047839813,-0.41921264,0.49245125,0.36146006,-0.3344925,0.18699522,0.23829195,-0.31817278,-0.29367924,-0.26264107,-0.1714009,0.18956175,-0.29754546,-0.272807,0.17105672,-0.5543752,0.14956707,0.020331342,0.44346932,-0.040368624,0.22016327,-0.7231719,0.047362942,-0.50864184,0.0332546,0.4135871,0.24021415,-0.026475169,-0.2726372,-0.066340506,-0.26786488,0.18712007,0.07647746,-0.33747038,0.40466535,0.2877803,-0.25893295,-0.07473933,0.022565823,0.38037306,0.1443628,-0.38139793,-0.14613542,-0.2214333,0.23272306,-0.5575512,-0.029749505,-0.27595714,-0.042227585,-0.0028343217,-0.2892651,0.041681368,0.18927258,0.095562875,0.3961766,-0.12901105,-0.039719887,0.4258766,-0.59950304,0.44622302,0.38391873,0.45001006,-0.056745376,0.064313956,0.19169225,0.20815334,-0.11893147,-0.042770423,0.027784811,0.14900404,0.4265126,-0.38338095,-0.37044466,0.022765342,-0.08570463,0.18029651,-0.071954265,-0.08074494,0.19558394,-0.04811848,-0.27671456,0.33786342,0.045269243,0.34044433,-0.026935514,-0.030752068,-0.27064508,0.09738023,-0.045986306,0.19913235,-0.19883503,0.25029895,0.3638166,0.111654356,0.17554216,0.021276845,0.021512933,-0.23711367,0.4484723,0.1128961,0.30087915,-0.48887944,-0.10591463,-0.038191896
-0.14047606,-0.1288276,0.06362256,0.5625705,0.2932549,-0.3869966,-0.12643927,0.4271023,-0.20246528,0.07808462,-0.036779847,-0.2902148,0.104066975,0.15782651,-0.12742452,-0.22823322,-0.11633708,0.105928525,0.33637038,-0.52834255,0.303926,-0.37104085,-0.19862077,-0.030474985,0.057199102,-0.14867903,-0.077603914,-0.15351728,-0.36870697,0.20140019,0.08237158,0.19999607,-0.006785206,-0.102985956,0.20626985,0.20651174,0.23429403,-0.11929385,-0.1236089,-0.29700348,-0.24316174,-0.0077858064,-0.053462133,-0.06520565,0.20159009,0.004013416,-0.14869347,-0.067990035,0.18331888,0.2787806,-0.2528381,-0.07478155,-0.07003366,-0.15939787,0.04201332,-0.088852204,0.2723564,-0.20007402,-0.46258432,0.11494233,-0.20871043,-0.2802792,-0.08975969,0.0017655181,-0.7766631,-0.22704002,-0.03227372,0.43415853,-0.3081756,0.42402083,-0.26114255,0.15814894,0.31855565,0.012893775,-0.14908712,0.20789915,0.05939017,-0.14783792,-0.57455283,0.023359543,-0.10499163,-0.13105685,-0.1107572,0.39706913,-0.32849208,0.22760387,0.20621984,0.40197733,0.18605202,0.13844162,0.22940972,0.22643471,0.029652203,0.28376803,0.338418,0.14979838,0.047632363,-0.40271926,0.47478545,0.3458699,-0.3193692,0.17951678,0.23130871,-0.3058994,-0.28310528,-0.2536223,-0.161905,0.18474366,-0.28601262,-0.26294845,0.16504806,-0.53305286,0.14483257,0.01667465,0.4265775,-0.03936246,0.21122174,-0.69665366,0.04401331,-0.491568,0.032388933,0.39866832,0.2306899,-0.026290666,-0.2645625,-0.063340016,-0.25886443,0.17976648,0.074136235,-0.32381117,0.38784298,0.2766303,-0.2500459,-0.072210856,0.019595109,0.3661784,0.13841659,-0.36999345,-0.1419109,-0.21345451,0.2267399,-0.53517777,-0.0283317,-0.26533598,-0.039700754,-0.003359126,-0.27902615,0.04117913,0.18365696,0.09382031,0.38058016,-0.124389336,-0.035117764,0.40793362,-0.5786285,0.4292709,0.3672579,0.43284115,-0.05356208,0.061782222,0.1893181,0.19970173,-0.11391088,-0.038020954,0.027126705,0.14659618,0.4085587,-0.3625365,-0.35691574,0.017129721,-0.08086506,0.17765333,-0.06841781,-0.07943192,0.18769075,-0.04549367,-0.2670402,0.32449105,0.041460916,0.327666,-0.024454847,-0.030624775,-0.2652166,0.09566949,-0.04388227,0.19235525,-0.1902216,0.24394302,0.35108268,0.10738879,0.17018206,0.019968305,0.01825102,-0.22638668,0.43343294,0.10783979,0.2880347,-0.4723389,-0.099844135,-0.039691802
-0.124275,-0.116357386,0.05761486,0.49962357,0.26046747,-0.34392825,-0.11419015,0.37863803,-0.17725335,0.07022723,-0.033899296,-0.25748524,0.091065876,0.13859993,-0.11320201,-0.20427866,-0.104489066,0.092471674,0.29779664,-0.46700016,0.27032286,-0.32809362,-0.17828426,-0.02687161,0.050829932,-0.13026004,-0.068876304,-0.13477467,-0.3267913,0.17828451,0.072251044,0.17624798,-0.006715042,-0.091670424,0.18174142,0.18188141,0.2084601,-0.103501596,-0.10893285,-0.26082954,-0.2158408,-0.0054336614,-0.04864307,-0.057931907,0.1778843,0.00077823806,-0.12946804,-0.059549663,0.16397594,0.24701077,-0.2244512,-0.063673005,-0.060512617,-0.14060743,0.037140753,-0.078213826,0.2421721,-0.17432979,-0.4085245,0.1031597,-0.18514575,-0.24794824,-0.0805492,0.0011850348,-0.6856312,-0.20111983,-0.026121283,0.38497704,-0.27217686,0.37451097,-0.22818187,0.13932237,0.28311634,0.008564545,-0.1323705,0.18469827,0.05104425,-0.13098699,-0.5082507,0.02019713,-0.09491429,-0.11492267,-0.0961971,0.35183984,-0.28918788,0.20241374,0.18139642,0.3567154,0.16484737,0.12265101,0.20390098,0.20026049,0.027381204,0.24893467,0.29844397,0.13230585,0.041060723,-0.35645905,0.4196129,0.3065099,-0.28365773,0.15937181,0.20277068,-0.27090916,-0.2496136,-0.22360681,-0.14537302,0.1615053,-0.2518606,-0.23139977,0.14583541,-0.47025457,0.12739006,0.015559011,0.3773342,-0.03437327,0.1871497,-0.6150021,0.039897617,-0.43293563,0.028311912,0.35173473,0.20418048,-0.02181603,-0.2324729,-0.055937443,-0.22699289,0.15856585,0.0657914,-0.28659192,0.34325165,0.24474895,-0.22060317,-0.06376914,0.01887641,0.32306418,0.121784195,-0.32571235,-0.12505227,-0.18927002,0.19777451,-0.47402534,-0.024502933,-0.23452732,-0.035817165,-0.0030246903,-0.24596553,0.035059918,0.16071574,0.081973076,0.3363068,-0.10962111,-0.03386762,0.36142287,-0.51045716,0.37936717,0.32563105,0.38314077,-0.04865307,0.05382157,0.16493277,0.17678656,-0.10112215,-0.035206113,0.024126753,0.12753065,0.3623898,-0.32430738,-0.3156075,0.018594906,-0.0726588,0.15450187,-0.06110985,-0.068839334,0.1662157,-0.040043067,-0.23545004,0.28783464,0.03696964,0.28993368,-0.022012908,-0.026901525,-0.23108515,0.083467,-0.03921609,0.16962577,-0.16840585,0.21354108,0.30897516,0.09462305,0.14998919,0.017576272,0.01765113,-0.20087221,0.38200778,0.09569003,0.25569674,-0.41571382,-0.0904297,-0.03306502
-0.12883061,-0.120476745,0.060261462,0.5167926,0.26922318,-0.35592112,-0.11886017,0.39037675,-0.18243118,0.07263875,-0.03544293,-0.26614866,0.09321961,0.14251946,-0.11592264,-0.21151152,-0.10943888,0.094662696,0.3074184,-0.4813446,0.27982768,-0.3382817,-0.18450175,-0.027828258,0.052457146,-0.13402753,-0.071319774,-0.13960731,-0.33673134,0.18314497,0.0743887,0.18154868,-0.006937856,-0.09428999,0.18838657,0.1869095,0.21557513,-0.10615991,-0.112529136,-0.26821098,-0.22279024,-0.00471533,-0.051069535,-0.060471267,0.18253936,-0.0003515158,-0.13261405,-0.06091443,0.16994676,0.25511718,-0.23169287,-0.06508766,-0.06087881,-0.14512616,0.03893859,-0.07971261,0.25076234,-0.17858317,-0.42047963,0.10762353,-0.19096929,-0.25511548,-0.08369956,0.00094483607,-0.7059944,-0.20894255,-0.02666312,0.3980392,-0.27988738,0.3862852,-0.23456253,0.14326154,0.29279163,0.007530276,-0.13743691,0.19063188,0.051443156,-0.13586842,-0.5240575,0.02020215,-0.09873153,-0.11857369,-0.09840261,0.36328635,-0.29888266,0.20921871,0.18736926,0.36797488,0.17055173,0.12642391,0.21080546,0.20597394,0.028105356,0.2566599,0.30755603,0.13686228,0.04104531,-0.3681722,0.4326035,0.3171468,-0.2937292,0.16391456,0.20835316,-0.28019777,-0.25761345,-0.23036617,-0.15039374,0.16632584,-0.26017898,-0.23893769,0.15064533,-0.48507035,0.13064702,0.01801258,0.38902476,-0.035510033,0.19225192,-0.6342385,0.042647194,-0.44629392,0.029655969,0.3629336,0.21103378,-0.02309627,-0.23900887,-0.057805084,-0.23423769,0.16358721,0.06749764,-0.29654804,0.3545265,0.25254387,-0.22775066,-0.06507073,0.019888934,0.33238524,0.12622488,-0.33530265,-0.1289826,-0.19509128,0.20326532,-0.48928317,-0.025931176,-0.24242175,-0.03785428,-0.0023841613,-0.25329375,0.03666307,0.16581678,0.084426396,0.3475882,-0.11256514,-0.035281435,0.37460145,-0.5259805,0.39100277,0.33668482,0.39516455,-0.050131064,0.05527198,0.16840816,0.18193516,-0.10490609,-0.037167802,0.024376832,0.13040501,0.3741029,-0.3373677,-0.32522768,0.02072987,-0.07606273,0.15901046,-0.06314594,-0.07175055,0.17176051,-0.04142118,-0.24322003,0.2968043,0.038656693,0.2994143,-0.022591444,-0.026961232,-0.23791538,0.08567046,-0.040031407,0.17437395,-0.17587516,0.21948928,0.31893644,0.0992833,0.15457854,0.018384809,0.01868182,-0.20774035,0.3942077,0.09980856,0.26378706,-0.42878425,-0.093853846,-0.033617776
-0.15450259,-0.14499909,0.07077914,0.6251542,0.3248528,-0.42972985,-0.14034818,0.47382188,-0.22267966,0.08631762,-0.040459987,-0.32231542,0.11432185,0.17386228,-0.14103796,-0.25369984,-0.12955973,0.11572961,0.37224016,-0.5859854,0.33913523,-0.4089916,-0.2210091,-0.034543358,0.06490046,-0.16271561,-0.086101525,-0.16804203,-0.408708,0.22252473,0.09075783,0.22011289,-0.007464628,-0.11581438,0.22712974,0.22765048,0.2604734,-0.1305793,-0.13752288,-0.32701284,-0.2702648,-0.007630062,-0.060276233,-0.0733312,0.22300072,0.00240701,-0.164669,-0.07494941,0.2049617,0.30922186,-0.28066194,-0.08101102,-0.075948834,-0.17619854,0.04743798,-0.0994464,0.30339995,-0.21996531,-0.51240677,0.13002932,-0.23192787,-0.31163898,-0.100326054,0.0010977433,-0.8613864,-0.25115857,-0.03461575,0.4838436,-0.3429221,0.46957517,-0.28795677,0.17514499,0.35499474,0.0108510405,-0.1645645,0.23018365,0.065300874,-0.16401826,-0.6370394,0.0259074,-0.11865334,-0.1438991,-0.12085821,0.44130373,-0.36280593,0.2531375,0.22810073,0.44553286,0.20615119,0.15296388,0.2555343,0.2516874,0.03459818,0.31286526,0.37521493,0.16678391,0.05115709,-0.4465008,0.5255304,0.3843708,-0.35546973,0.19962986,0.25517738,-0.33786908,-0.31306773,-0.28081277,-0.18136741,0.20355701,-0.31689385,-0.29166344,0.18278669,-0.5915542,0.15937994,0.020136824,0.47299454,-0.043242175,0.23470192,-0.77104354,0.04873625,-0.542324,0.035307355,0.4410178,0.2554246,-0.028533533,-0.2910758,-0.07029367,-0.28635064,0.20044091,0.08197708,-0.35836557,0.43094274,0.30646142,-0.27625334,-0.080652274,0.023155844,0.40570694,0.15422125,-0.40828747,-0.1561959,-0.23552506,0.25055003,-0.59425735,-0.031782582,-0.29318672,-0.043876916,-0.0034881625,-0.30927575,0.04451183,0.2030531,0.102518976,0.42234904,-0.13912137,-0.040879916,0.45238,-0.64080405,0.47643486,0.40795934,0.4805045,-0.05908804,0.06854714,0.20717509,0.2228906,-0.12687093,-0.04451391,0.029737702,0.1610052,0.45361084,-0.40503913,-0.3954158,0.022178078,-0.09089722,0.19413228,-0.07602567,-0.08661856,0.20841917,-0.051340897,-0.2947759,0.35937834,0.047495153,0.3622614,-0.02826611,-0.033556614,-0.29119033,0.10486638,-0.048456065,0.21236458,-0.21109621,0.26749575,0.38857254,0.11821431,0.187549,0.021871561,0.02106895,-0.25236747,0.47836733,0.11937297,0.32090756,-0.52136344,-0.11140606,-0.04195554
-0.13292557,-0.12543033,0.06139552,0.53698796,0.2805118,-0.3697164,-0.12223679,0.4071088,-0.19047002,0.07519907,-0.03535043,-0.27717456,0.0971423,0.14850837,-0.121683106,-0.21883105,-0.11249574,0.09854577,0.31993487,-0.5030182,0.29161987,-0.35162714,-0.19109127,-0.02944715,0.055201937,-0.13962972,-0.07366204,-0.14469077,-0.35118204,0.1918083,0.07775397,0.18894343,-0.006216214,-0.09936248,0.19579828,0.19530569,0.22416535,-0.11139994,-0.11819834,-0.2801955,-0.23164289,-0.0064966287,-0.05204648,-0.06173268,0.19187722,0.00027544418,-0.13954316,-0.06428013,0.17654127,0.26580495,-0.24094552,-0.06857342,-0.06452998,-0.15078193,0.04039907,-0.0848851,0.2609603,-0.18732747,-0.43955842,0.112289555,-0.19883703,-0.26649785,-0.08627412,0.0013373425,-0.7367959,-0.21589696,-0.028523918,0.4159903,-0.2931001,0.40216234,-0.24566282,0.14981097,0.30552348,0.008397653,-0.14193377,0.19794022,0.05498742,-0.14149342,-0.54651,0.021390101,-0.10277637,-0.12372443,-0.10341594,0.37843838,-0.31097525,0.21806955,0.19490662,0.38332602,0.17700237,0.13116693,0.21959394,0.21578568,0.029868256,0.26780587,0.32119304,0.1429371,0.0436992,-0.38317627,0.45094243,0.3304237,-0.30547467,0.17144948,0.21759062,-0.29149312,-0.2692232,-0.2404079,-0.15579492,0.1738188,-0.27175194,-0.24931066,0.15660061,-0.506884,0.13595706,0.017069077,0.40512112,-0.037550334,0.20016155,-0.661696,0.043130107,-0.46522045,0.030487131,0.37866944,0.21966861,-0.023996282,-0.24958783,-0.060743168,-0.24439798,0.17078315,0.07044211,-0.30828667,0.36976376,0.26326895,-0.23753883,-0.0688867,0.019627653,0.3474101,0.13128662,-0.349834,-0.1341863,-0.20326366,0.21365443,-0.5104053,-0.027265243,-0.25218225,-0.03799768,-0.003218229,-0.26421443,0.037744205,0.17301436,0.08732517,0.3624688,-0.11863901,-0.03561284,0.38930556,-0.5495377,0.40804067,0.35077175,0.41171604,-0.0515867,0.058552884,0.17696662,0.19032244,-0.10936868,-0.03799219,0.025347983,0.13731927,0.38997555,-0.34919903,-0.3389363,0.0202207,-0.078379124,0.16581365,-0.06562215,-0.07413266,0.17911813,-0.043055873,-0.25334612,0.30925655,0.041194476,0.31162307,-0.023973426,-0.02912523,-0.2485515,0.08976916,-0.041418456,0.18214972,-0.18134087,0.22959,0.33272,0.102172256,0.16117296,0.018992078,0.018783076,-0.21701543,0.41018167,0.10318589,0.2753436,-0.44673473,-0.09661662,-0.03551774
-0.1629862,-0.15382528,0.07482354,0.66282964,0.34398642,-0.4547391,-0.14810337,0.50030136,-0.23572262,0.09217239,-0.04167925,-0.3416939,0.11977811,0.18280847,-0.1494094,-0.26818234,-0.13752946,0.12141411,0.39281917,-0.6204797,0.35990885,-0.43139273,-0.23454507,-0.03719292,0.068986945,-0.17170154,-0.090993874,-0.17732269,-0.4329042,0.23421218,0.095331594,0.23312168,-0.006964591,-0.123563856,0.2403229,0.24196023,0.2759651,-0.13728933,-0.14541468,-0.34576884,-0.28588092,-0.007755631,-0.063876525,-0.07745958,0.23651637,0.0008696871,-0.17375909,-0.07769841,0.21738306,0.3279336,-0.29671958,-0.084231175,-0.07981025,-0.18477012,0.049645394,-0.10454102,0.3213973,-0.23160702,-0.5427421,0.13901846,-0.24537632,-0.32852212,-0.10701202,0.0014050014,-0.9091555,-0.26505142,-0.03718034,0.51390207,-0.36184585,0.49657428,-0.30295718,0.18572244,0.37625706,0.009943128,-0.17351463,0.24353036,0.06849803,-0.17519525,-0.6734679,0.026030598,-0.12645632,-0.15212844,-0.12707628,0.4661565,-0.3838262,0.26877242,0.24017254,0.47140583,0.21816926,0.16297433,0.2699757,0.26569626,0.03669877,0.33041126,0.39716813,0.1769139,0.054285612,-0.47262573,0.5553058,0.407588,-0.3766342,0.2101366,0.26971713,-0.3583191,-0.3316895,-0.29658803,-0.19227317,0.21511023,-0.33588573,-0.30848122,0.19186257,-0.62684494,0.16817951,0.021953693,0.4999879,-0.04546733,0.2478376,-0.81594956,0.052178897,-0.5732671,0.03805874,0.46692494,0.27103993,-0.031453982,-0.30733767,-0.07476448,-0.30391023,0.21175103,0.08561093,-0.37927514,0.4574202,0.3250631,-0.2918849,-0.084869936,0.024099817,0.42969018,0.16241008,-0.43060854,-0.16495216,-0.2494935,0.26509157,-0.6280989,-0.034688745,-0.31085297,-0.046358123,-0.0040655425,-0.32664698,0.046305444,0.21325392,0.10767057,0.44819698,-0.14722285,-0.043954957,0.4790217,-0.67767423,0.5037071,0.4323948,0.50787735,-0.06293437,0.07284425,0.21701826,0.23571546,-0.13498752,-0.04854405,0.030560927,0.17070699,0.4799484,-0.43099058,-0.4177018,0.024116073,-0.09669714,0.20365617,-0.08027446,-0.090991594,0.22135274,-0.054250207,-0.31198165,0.38006008,0.05113865,0.38371876,-0.03074279,-0.034548122,-0.30643618,0.11035377,-0.051552393,0.22407232,-0.22220173,0.2821856,0.4110211,0.12452662,0.19734882,0.023360426,0.023765927,-0.26894096,0.50507426,0.12657543,0.3399831,-0.55021644,-0.11771181,-0.04419434
-0.121865794,-0.11486239,0.056522086,0.49234635,0.25635013,-0.3393726,-0.11149199,0.37305495,-0.1745272,0.068950854,-0.03276134,-0.25435072,0.08996892,0.13559645,-0.1118015,-0.20133321,-0.10253706,0.09051534,0.2943179,-0.46067587,0.26704225,-0.3231466,-0.17503776,-0.027235266,0.05042976,-0.12807845,-0.068344295,-0.13335437,-0.32184213,0.1757609,0.071401745,0.1737403,-0.0059549278,-0.091281235,0.1802313,0.17963217,0.20538269,-0.103107125,-0.1082611,-0.2571643,-0.21274702,-0.0062400484,-0.047844265,-0.057335936,0.1762311,0.0003091575,-0.12848885,-0.059158005,0.16183001,0.24321166,-0.22023505,-0.06311338,-0.060169287,-0.13865842,0.037132073,-0.077860005,0.2391826,-0.17183183,-0.4031619,0.10280289,-0.18258218,-0.24422191,-0.079327166,0.001512541,-0.6754448,-0.19846776,-0.026252227,0.3803817,-0.26871505,0.36883622,-0.2261445,0.13720684,0.28007042,0.008019668,-0.13030998,0.18168455,0.050247863,-0.12975915,-0.50163937,0.020049704,-0.09421233,-0.113061495,-0.09452498,0.34702903,-0.28556427,0.19980955,0.17865802,0.35149303,0.16257338,0.120350786,0.20124435,0.1978243,0.026645048,0.2459329,0.29417995,0.13063075,0.040530764,-0.35169885,0.41349006,0.3026722,-0.27973583,0.1572494,0.19987722,-0.2676533,-0.24637538,-0.22064531,-0.14302708,0.15952325,-0.24895431,-0.22871384,0.14337246,-0.464555,0.12474729,0.015584813,0.37119982,-0.034085166,0.18350661,-0.60648274,0.039857935,-0.4264286,0.027348338,0.34733456,0.20160437,-0.02179313,-0.22912034,-0.05528615,-0.22400366,0.15692197,0.06499648,-0.2832368,0.33884558,0.24150226,-0.2177238,-0.06243279,0.017659843,0.3181961,0.12010874,-0.32142213,-0.123364486,-0.18718073,0.1957616,-0.46806797,-0.024848199,-0.23120767,-0.035676606,-0.0034274808,-0.24302715,0.03496583,0.15846837,0.07969321,0.33213705,-0.10931078,-0.032392785,0.35674208,-0.50434,0.37411526,0.32107776,0.3776286,-0.04767446,0.053779684,0.16287649,0.1748118,-0.1004105,-0.034534417,0.02322139,0.12628804,0.35678464,-0.3201186,-0.31143293,0.018002242,-0.07253379,0.15285559,-0.060169052,-0.068892084,0.16433628,-0.03951164,-0.23175529,0.28358626,0.037195504,0.2854094,-0.021626607,-0.02710089,-0.22853841,0.08280235,-0.03782884,0.16742224,-0.16631834,0.21029131,0.30534223,0.09378503,0.14753576,0.017095746,0.017078852,-0.19838156,0.37670016,0.094563045,0.2521422,-0.41033754,-0.08823246,-0.03264332
-0.13838011,-0.1304581,0.06402019,0.5577308,0.2903203,-0.38341388,-0.12649085,0.42173967,-0.19778836,0.078118026,-0.037355825,-0.28721392,0.10121375,0.15353747,-0.12592973,-0.22736983,-0.11707937,0.10207126,0.3311464,-0.5211002,0.301996,-0.3642199,-0.19820942,-0.030776221,0.057647888,-0.14470129,-0.076029465,-0.14997497,-0.36389974,0.19843562,0.080432095,0.19565374,-0.0065220376,-0.10275272,0.20264928,0.20263086,0.23242427,-0.11457775,-0.12141429,-0.2901227,-0.24031347,-0.0060894885,-0.054360207,-0.06392495,0.19801907,0.00010572189,-0.14452344,-0.065818034,0.18340811,0.27491665,-0.25015697,-0.07061908,-0.066584826,-0.15611982,0.041378766,-0.0868734,0.2695792,-0.19378327,-0.45540062,0.11652111,-0.205825,-0.27619964,-0.08953915,0.0011242529,-0.76407754,-0.2240512,-0.029870272,0.4309252,-0.30343413,0.41706586,-0.25388664,0.1561719,0.31695005,0.008506474,-0.14705732,0.20501968,0.056664445,-0.1475873,-0.56607604,0.022083215,-0.106600106,-0.12770303,-0.10642514,0.39203152,-0.32249746,0.22563216,0.20182729,0.3966483,0.18365614,0.13629378,0.22769591,0.22330561,0.03133618,0.27698597,0.33253443,0.14804652,0.045184728,-0.3969283,0.4668319,0.34190428,-0.31624055,0.17805602,0.22556579,-0.30158907,-0.277462,-0.24944136,-0.16239238,0.18023594,-0.281582,-0.25867534,0.1626205,-0.5250177,0.14155962,0.018705282,0.42056194,-0.038749862,0.20822507,-0.68534285,0.04480627,-0.48185152,0.031687956,0.39145502,0.22772819,-0.024520518,-0.25878367,-0.06379268,-0.25322726,0.17715849,0.07282207,-0.31993595,0.3834611,0.27221036,-0.24578424,-0.0711324,0.020821664,0.35978666,0.13646449,-0.36135983,-0.13872133,-0.20994733,0.22031091,-0.52784836,-0.027514992,-0.2613767,-0.040422376,-0.0026254351,-0.27356285,0.038885463,0.17893794,0.09083871,0.37553117,-0.12237115,-0.037843242,0.40300184,-0.568067,0.42221862,0.36378983,0.42692435,-0.053331826,0.060526207,0.18189976,0.19761316,-0.112556025,-0.040255018,0.026225332,0.14121127,0.40365988,-0.3624115,-0.3512423,0.021285735,-0.08063413,0.17110497,-0.06809671,-0.07602172,0.18560982,-0.045743007,-0.26234415,0.3205828,0.04216404,0.3224102,-0.025374474,-0.028677685,-0.25671348,0.092763536,-0.043040223,0.18860698,-0.18840168,0.23723964,0.34494665,0.105624765,0.16646633,0.019947793,0.020171298,-0.22507763,0.4252474,0.10645955,0.2847702,-0.46343547,-0.1002459,-0.03684711
-0.1370494,-0.12764515,0.062631115,0.54893565,0.28641215,-0.37856564,-0.123347096,0.41563296,-0.19454695,0.07713872,-0.03627545,-0.2832068,0.09931558,0.15137193,-0.1251067,-0.22393362,-0.115185164,0.10092065,0.32628417,-0.51149994,0.29671538,-0.35961273,-0.19563754,-0.031172065,0.05743853,-0.1435595,-0.07592517,-0.14796606,-0.3577473,0.1943337,0.07974008,0.19370314,-0.006785024,-0.101851024,0.19909419,0.19847311,0.22898464,-0.1122613,-0.1175639,-0.28739396,-0.23599936,-0.006054092,-0.052326575,-0.064156964,0.19487736,0.00046288897,-0.14293042,-0.06433276,0.18147731,0.27123815,-0.2471962,-0.0697371,-0.06526493,-0.15497655,0.04103434,-0.08478851,0.26585144,-0.19040605,-0.44707674,0.11504409,-0.20157206,-0.2723895,-0.08710991,0.0009789604,-0.7531046,-0.22170599,-0.029839784,0.42427513,-0.29901135,0.4105906,-0.25022998,0.15253739,0.31220996,0.0093194125,-0.14468078,0.20035388,0.054624733,-0.14539495,-0.55811363,0.02175126,-0.10461474,-0.1251734,-0.105775215,0.38639733,-0.3174784,0.22214708,0.20058727,0.3902654,0.18145192,0.13349131,0.22477083,0.22006972,0.03139947,0.2741341,0.32871902,0.14467503,0.04358525,-0.3900455,0.45969585,0.3351239,-0.31101358,0.17480224,0.22207072,-0.2975463,-0.27255344,-0.2453125,-0.16100185,0.17855166,-0.27700052,-0.25434417,0.16059211,-0.5161437,0.14010318,0.0197952,0.4143408,-0.038286097,0.20539671,-0.67475426,0.044052225,-0.47418633,0.032068912,0.38559297,0.22443993,-0.02393505,-0.25467178,-0.06358941,-0.25014853,0.17469288,0.072032064,-0.31524542,0.37731677,0.2680191,-0.24133553,-0.06951049,0.019536354,0.3553868,0.13432261,-0.35696456,-0.13724373,-0.20525454,0.2166535,-0.5198438,-0.02693384,-0.25684232,-0.039856274,-0.0013290453,-0.27012682,0.038573384,0.17600934,0.08969606,0.36939695,-0.120446876,-0.038765125,0.39799422,-0.5608024,0.41729993,0.3591223,0.42116028,-0.052266885,0.05953103,0.18006591,0.195373,-0.11154111,-0.038204096,0.0254231,0.13922581,0.3978938,-0.35719854,-0.34561893,0.021504665,-0.079906456,0.16885148,-0.06761207,-0.076127015,0.18331511,-0.0468151,-0.25834858,0.3157776,0.04180613,0.3187509,-0.024532821,-0.029544568,-0.2537772,0.09235237,-0.04243285,0.1873286,-0.18717349,0.23345163,0.34045807,0.104474984,0.16463652,0.019881645,0.01942005,-0.22171567,0.4186258,0.105784506,0.2796994,-0.45661548,-0.09920203,-0.037010137
-0.14638425,-0.1376812,0.067071915,0.59144264,0.30773824,-0.406345,-0.1330097,0.44698176,-0.20991522,0.082362935,-0.038696934,-0.3046518,0.10750107,0.16337188,-0.13318224,-0.24010952,-0.12362451,0.10836856,0.35102484,-0.5523932,0.32061952,-0.38563907,-0.20977344,-0.032999977,0.061478883,-0.15375866,-0.08130467,-0.15888657,-0.38550153,0.20988494,0.08539368,0.2077369,-0.0065898816,-0.10928406,0.21457684,0.21504612,0.24631354,-0.12185334,-0.12889536,-0.30846456,-0.25477186,-0.007033132,-0.056974903,-0.06877292,0.21001366,0.0006950278,-0.15415426,-0.07005822,0.19433823,0.291852,-0.2649809,-0.07562427,-0.070920795,-0.16563731,0.044210967,-0.0921813,0.28632188,-0.20590931,-0.48297957,0.12357368,-0.21844257,-0.2929877,-0.094520725,0.0011505199,-0.8107529,-0.2369778,-0.03199512,0.45723006,-0.322186,0.44246978,-0.2699286,0.16526325,0.3362101,0.009447188,-0.15538535,0.21673451,0.060060795,-0.15607087,-0.60112005,0.023085756,-0.11279698,-0.13524666,-0.113271475,0.41619408,-0.34180242,0.23978683,0.21475111,0.42063868,0.19493538,0.14448091,0.24150158,0.23677188,0.032889437,0.2947309,0.3536314,0.1572525,0.048285436,-0.4211329,0.4952864,0.3625013,-0.33558398,0.18819189,0.23959653,-0.31943402,-0.2952944,-0.2644492,-0.17183574,0.19145824,-0.29884267,-0.27454907,0.17217559,-0.5571454,0.15037152,0.020402584,0.44566122,-0.0407907,0.22107689,-0.72744745,0.047143865,-0.51099247,0.033959962,0.4158318,0.24123453,-0.02712116,-0.27439997,-0.06708342,-0.2697646,0.18843511,0.07684844,-0.33871976,0.40717095,0.2890062,-0.2603668,-0.07529932,0.021523032,0.3823688,0.14474308,-0.38382468,-0.14724839,-0.2225109,0.2345747,-0.5598135,-0.029896492,-0.27712607,-0.041972905,-0.002790132,-0.29087722,0.041601367,0.19031984,0.09630944,0.39853197,-0.13006812,-0.039806094,0.42775142,-0.6035943,0.44858062,0.3859321,0.45311657,-0.056286663,0.06461721,0.19370255,0.20980312,-0.11964139,-0.042350236,0.027445316,0.15058947,0.4279642,-0.3843357,-0.37241626,0.022156412,-0.08587607,0.18217665,-0.07211511,-0.081461586,0.19720459,-0.04892474,-0.27801213,0.33928022,0.045323543,0.34199044,-0.026945611,-0.031264454,-0.27305365,0.09906487,-0.045692857,0.19996032,-0.20000245,0.2515264,0.3663922,0.11226915,0.17670918,0.02117674,0.0212398,-0.23852658,0.45072678,0.11291528,0.30186912,-0.49115017,-0.10559902,-0.038898766
-0.11580977,-0.11015921,0.05313689,0.46989384,0.24492837,-0.32435164,-0.106916815,0.35599235,-0.16599093,0.065310925,-0.030752536,-0.24280566,0.08491982,0.12885343,-0.106395595,-0.19173884,-0.09825681,0.085959524,0.28040513,-0.43926242,0.25480905,-0.3075139,-0.1674698,-0.026296906,0.04859242,-0.12178085,-0.06450389,-0.12706512,-0.30673444,0.16745009,0.068408675,0.16482586,-0.0053184675,-0.08746455,0.17110978,0.17060347,0.19640283,-0.097625166,-0.102874696,-0.24462329,-0.20281076,-0.0058298856,-0.045335636,-0.05498881,0.16863723,-4.1710322e-05,-0.12265915,-0.056047034,0.15479888,0.23248217,-0.21133846,-0.05998533,-0.05678577,-0.1322331,0.035496045,-0.0745986,0.2287772,-0.16324553,-0.384896,0.099260285,-0.17451084,-0.23347703,-0.075467214,0.0011135482,-0.6445175,-0.18928102,-0.025357893,0.36395046,-0.25636563,0.35191107,-0.21501575,0.13028887,0.26823753,0.006856477,-0.12435474,0.17276235,0.048039243,-0.123916104,-0.478696,0.018740669,-0.09012462,-0.108362794,-0.09027555,0.3314089,-0.27162495,0.19070135,0.17027412,0.3352322,0.15534359,0.115022026,0.19228446,0.18892412,0.025939306,0.23439702,0.28059334,0.12503321,0.038173866,-0.33546245,0.3947666,0.2890002,-0.2675472,0.15016872,0.19060369,-0.25501248,-0.23522045,-0.2107611,-0.13663895,0.15262845,-0.2377574,-0.218488,0.13660711,-0.44365203,0.11861818,0.01613762,0.35468906,-0.03253595,0.17538257,-0.57914895,0.038232017,-0.40634906,0.026052538,0.33130494,0.1919614,-0.02036917,-0.21831,-0.052832402,-0.2136923,0.14992446,0.061632756,-0.26994532,0.3234123,0.23009148,-0.20765136,-0.059706733,0.016864464,0.30382204,0.11516369,-0.3066897,-0.11760164,-0.17779547,0.18655558,-0.44680285,-0.023784725,-0.22031237,-0.033494934,-0.002674146,-0.23161821,0.032279097,0.15082103,0.07594024,0.31733114,-0.10397061,-0.031273775,0.34002295,-0.48117423,0.3572786,0.30691302,0.35993695,-0.04513619,0.051058594,0.15452754,0.16671433,-0.096417695,-0.033647384,0.02179948,0.11977612,0.34062573,-0.3063455,-0.29669684,0.01820236,-0.068703,0.14509001,-0.057627108,-0.06522321,0.15701044,-0.038171757,-0.2210403,0.27030927,0.0360183,0.27253667,-0.021240938,-0.025249407,-0.21752533,0.07859616,-0.036309686,0.15942122,-0.15923294,0.19966903,0.2913304,0.089382544,0.14031804,0.015945228,0.016534718,-0.19048488,0.35865918,0.09039219,0.24111362,-0.3911485,-0.083612025,-0.031420395
-0.1575016,-0.14887668,0.072284274,0.6393618,0.331306,-0.43878442,-0.14227125,0.4825048,-0.22747518,0.088408716,-0.040557846,-0.3290862,0.11518336,0.17635317,-0.14417478,-0.258639,-0.13222714,0.11694512,0.37819746,-0.5983909,0.34731972,-0.4151343,-0.22554176,-0.035822697,0.06712929,-0.16608247,-0.087365955,-0.1703235,-0.41747472,0.2259606,0.09189029,0.224371,-0.006742982,-0.11917708,0.2309219,0.2326245,0.26586235,-0.13255045,-0.1397855,-0.33309382,-0.2756275,-0.007386857,-0.06199073,-0.07454594,0.22712862,0.00070445484,-0.16816048,-0.07462743,0.20991503,0.31602824,-0.28683466,-0.08034639,-0.07671273,-0.1778789,0.0476906,-0.10045678,0.30948758,-0.22370298,-0.5229899,0.13416104,-0.23623873,-0.3171864,-0.102929614,0.0005166918,-0.8778155,-0.25532734,-0.035800736,0.4954361,-0.349464,0.4791905,-0.29176736,0.17966324,0.36270908,0.008998883,-0.16680004,0.2346333,0.066245355,-0.16845527,-0.6498854,0.025390929,-0.12198679,-0.14560448,-0.121774495,0.45030975,-0.37048948,0.25955725,0.23234013,0.4543761,0.210402,0.15722334,0.2608775,0.25608918,0.03594961,0.3183516,0.38320902,0.17010212,0.051661514,-0.4558882,0.5355375,0.39292312,-0.36310437,0.20357533,0.25982392,-0.34456146,-0.31939295,-0.28594878,-0.1861981,0.20728572,-0.32370588,-0.29748073,0.18527627,-0.60465145,0.16211115,0.022038251,0.48274148,-0.04379266,0.24013236,-0.7861593,0.04972724,-0.55228233,0.0368921,0.44954363,0.26161966,-0.03020941,-0.29695207,-0.07252999,-0.29319912,0.2048879,0.082876705,-0.36526772,0.44165865,0.3122829,-0.2815158,-0.08213766,0.024125434,0.4139793,0.15758182,-0.414774,-0.15802947,-0.2394064,0.25521934,-0.6055791,-0.03324326,-0.29990262,-0.04512549,-0.002594238,-0.31476617,0.044510566,0.20627569,0.103846245,0.43218887,-0.14253563,-0.043153636,0.46170086,-0.6530895,0.4861624,0.41851884,0.49020082,-0.060783945,0.07086781,0.2085891,0.22782259,-0.1293171,-0.04754435,0.029422112,0.16399652,0.46294203,-0.41555545,-0.4024205,0.023624916,-0.09298761,0.19571371,-0.077026,-0.08673606,0.2126576,-0.05351594,-0.30152828,0.36686268,0.04919777,0.36943808,-0.030195622,-0.03245553,-0.29474825,0.106193215,-0.049839575,0.2162214,-0.21510944,0.2716222,0.39649215,0.120132014,0.19029468,0.022631766,0.02324805,-0.2599576,0.48636693,0.12187947,0.32777593,-0.5308668,-0.11406025,-0.042031813
-0.1422783,-0.13422452,0.06537676,0.57532674,0.2997642,-0.39662263,-0.1300145,0.43716502,-0.20537253,0.07990115,-0.03721446,-0.297438,0.10704157,0.15944558,-0.13109604,-0.23444003,-0.11896682,0.10684792,0.3435952,-0.5405397,0.31161943,-0.37874785,-0.20485921,-0.032220673,0.059393182,-0.15049945,-0.07902977,-0.15533161,-0.37674198,0.20642443,0.08401918,0.2036642,-0.006196057,-0.1057934,0.20993471,0.21055938,0.24034022,-0.12103227,-0.12614578,-0.30189407,-0.24947047,-0.00747904,-0.05490282,-0.065849826,0.2068797,0.002236526,-0.15085116,-0.069180325,0.18776482,0.2851109,-0.2585355,-0.075393245,-0.07131689,-0.16278987,0.04290464,-0.09190673,0.27940822,-0.20297799,-0.47312185,0.11978518,-0.21344759,-0.28715998,-0.092317715,0.001423866,-0.79379284,-0.23086128,-0.031120254,0.44520247,-0.31576535,0.43289796,-0.26515174,0.16203451,0.32776025,0.011478381,-0.15180615,0.21286987,0.060410276,-0.15199961,-0.5875145,0.023548506,-0.109073125,-0.13223906,-0.11181505,0.40612733,-0.33340088,0.23360734,0.20922552,0.41080445,0.1904617,0.14135662,0.23543225,0.23201849,0.032113552,0.28769398,0.34551224,0.15334602,0.048277836,-0.41142958,0.4845732,0.35303387,-0.32660407,0.18488021,0.234903,-0.31243643,-0.28858408,-0.25906485,-0.16723691,0.1876421,-0.2914821,-0.26843676,0.16853108,-0.5444592,0.14690214,0.016856877,0.43637508,-0.040340424,0.21677232,-0.7111422,0.045352306,-0.5002832,0.03269219,0.4066141,0.23608322,-0.025062464,-0.26898438,-0.06551325,-0.2629397,0.18401758,0.07557143,-0.32999593,0.3962849,0.2822048,-0.25474015,-0.07428094,0.020431468,0.3733498,0.14105833,-0.3764105,-0.14491946,-0.21788386,0.22950727,-0.54717714,-0.028982384,-0.27011904,-0.04034906,-0.0032528536,-0.28390607,0.041333865,0.18644187,0.09389417,0.3889063,-0.12798834,-0.037478577,0.41660774,-0.59130985,0.43819705,0.375963,0.44299793,-0.054602187,0.062391214,0.19170932,0.20513481,-0.116901316,-0.039839182,0.027232138,0.1484835,0.41739598,-0.37141013,-0.36481458,0.019290578,-0.08262931,0.18016562,-0.069958724,-0.07933693,0.19216603,-0.04695296,-0.27183574,0.33231434,0.04261075,0.3341738,-0.025559865,-0.031241808,-0.26808897,0.0974129,-0.044174008,0.19607432,-0.19342063,0.24703781,0.35823452,0.1090466,0.17279975,0.020099962,0.019427022,-0.23177163,0.4415354,0.1099967,0.29525658,-0.48110312,-0.10310493,-0.038747646
-0.13732415,-0.12907965,0.0624394,0.5540266,0.28910244,-0.3807472,-0.12568209,0.41936615,-0.19741791,0.07764476,-0.036808472,-0.285177,0.10171929,0.15303941,-0.12483785,-0.22591601,-0.11488835,0.10170898,0.32987663,-0.5192432,0.29976407,-0.36262992,-0.1971357,-0.031126477,0.057413593,-0.14468046,-0.07611981,-0.14895397,-0.36244977,0.19816844,0.08044567,0.1948384,-0.0064706593,-0.10258815,0.20155555,0.20233329,0.23039304,-0.115307316,-0.121351115,-0.28933728,-0.23926643,-0.0066960184,-0.05316627,-0.063654155,0.19789518,0.0013592389,-0.14436178,-0.06646888,0.18103485,0.2737699,-0.2479772,-0.0713198,-0.06781779,-0.15529592,0.04125433,-0.08795118,0.26816428,-0.19312358,-0.45389497,0.115259126,-0.2052975,-0.27509865,-0.08862691,0.001496312,-0.7607581,-0.2219319,-0.029207226,0.42810273,-0.30307874,0.41523382,-0.25403064,0.15558495,0.31515372,0.009467321,-0.14610605,0.20403886,0.05717008,-0.14595185,-0.56345737,0.021964299,-0.105223134,-0.12738968,-0.10684208,0.3897013,-0.32009962,0.22428547,0.20052621,0.39463648,0.18297212,0.13608846,0.22549652,0.22232524,0.030909387,0.27564502,0.3313398,0.14775248,0.04653613,-0.3947279,0.4656008,0.33942616,-0.314208,0.1766704,0.22471146,-0.30010545,-0.2770373,-0.24808544,-0.16050988,0.17955422,-0.28023407,-0.2573967,0.16156456,-0.52262545,0.140655,0.016978903,0.4181211,-0.03824199,0.20757055,-0.68275833,0.043671872,-0.47971255,0.03102334,0.39035538,0.22655886,-0.024236519,-0.2576056,-0.062809385,-0.2521055,0.1764282,0.07206613,-0.3175386,0.3812738,0.2715274,-0.24464326,-0.07145759,0.020149821,0.3586055,0.1350413,-0.3605736,-0.13850118,-0.2098461,0.2203922,-0.5248624,-0.028080558,-0.26005888,-0.03844592,-0.0034830426,-0.27281022,0.03935216,0.1786807,0.08999071,0.37359634,-0.12237143,-0.03707222,0.40031672,-0.56658053,0.42016655,0.3610218,0.4247782,-0.052883126,0.060296554,0.18273106,0.1966658,-0.1119119,-0.039285358,0.026114648,0.14177771,0.40119487,-0.3588275,-0.3497259,0.019178709,-0.08024182,0.17159154,-0.068141356,-0.07592367,0.18468525,-0.045208238,-0.26061383,0.31895313,0.041627664,0.3206194,-0.024648113,-0.030134335,-0.25657883,0.09299617,-0.043012068,0.18748485,-0.1856906,0.23730178,0.34283736,0.10466891,0.16536593,0.019786699,0.019429473,-0.22279947,0.42361963,0.105398126,0.28352332,-0.46138662,-0.098630145,-0.03668389
-0.14236945,-0.13320225,0.06457389,0.57382816,0.29860404,-0.39460522,-0.12909113,0.43455416,-0.20506495,0.07969887,-0.03707055,-0.29549587,0.10681261,0.15905859,-0.13029735,-0.23309658,-0.11838193,0.105570324,0.34161526,-0.53834146,0.31066605,-0.37606582,-0.20389706,-0.032350074,0.059500724,-0.15036216,-0.078821056,-0.15553372,-0.37517908,0.20537065,0.08375464,0.202862,-0.0059889182,-0.10577821,0.20903376,0.21029936,0.23894654,-0.12016226,-0.12586306,-0.30098444,-0.24775745,-0.007630593,-0.054489296,-0.06612275,0.20571718,0.0022939192,-0.15042765,-0.068950266,0.18741116,0.2835574,-0.25683558,-0.074842885,-0.07104305,-0.16086347,0.042994924,-0.090485714,0.2776411,-0.20114425,-0.47059828,0.119126074,-0.21247517,-0.28482342,-0.09209221,0.0013111627,-0.7893126,-0.22998385,-0.031918835,0.44275108,-0.31344214,0.43036237,-0.26433218,0.16149917,0.32643783,0.010985913,-0.15113051,0.21130115,0.05939571,-0.15151423,-0.5846693,0.023197243,-0.10891662,-0.13137083,-0.11137156,0.4038399,-0.33217025,0.23311147,0.2080606,0.4093481,0.18939126,0.14062297,0.23436056,0.23070972,0.031109948,0.286938,0.34392905,0.152767,0.048304614,-0.40960735,0.48257187,0.35133773,-0.3247209,0.18347092,0.23395924,-0.31088892,-0.28704664,-0.25753886,-0.16618383,0.18657957,-0.29075843,-0.26628748,0.16747597,-0.54219407,0.14687534,0.017369984,0.43311813,-0.039699595,0.21494742,-0.7077072,0.045030635,-0.4979309,0.032647062,0.40481675,0.23491625,-0.026050631,-0.26752952,-0.06538428,-0.26182002,0.18369463,0.0749227,-0.32935053,0.3949298,0.2811936,-0.25330395,-0.07364966,0.020146163,0.37194642,0.14026052,-0.3748251,-0.14376706,-0.21756014,0.22894402,-0.5438309,-0.028978255,-0.26995656,-0.040638186,-0.003880909,-0.28321052,0.040864192,0.18548872,0.093154274,0.38711187,-0.12717989,-0.03799401,0.41517475,-0.5881463,0.4355487,0.3743007,0.44090992,-0.054262616,0.062838435,0.19066527,0.20426527,-0.11642467,-0.039882787,0.026748788,0.14808343,0.41572744,-0.3707437,-0.36298624,0.01892266,-0.08315902,0.1789729,-0.070114836,-0.07969954,0.19158909,-0.047192276,-0.27022877,0.33003902,0.04303103,0.33247766,-0.025685698,-0.031192895,-0.26729575,0.09745636,-0.044388186,0.19543745,-0.19263364,0.24612814,0.35686523,0.10888009,0.17149368,0.020513738,0.019915221,-0.23074359,0.43903622,0.10877877,0.29306197,-0.478417,-0.101796694,-0.038756654
-0.14073075,-0.13350235,0.064550474,0.5706945,0.29669306,-0.3926608,-0.12814301,0.43176147,-0.20281951,0.07906144,-0.037141368,-0.29413527,0.10400858,0.15787192,-0.12879595,-0.23188128,-0.11860084,0.104757935,0.3391628,-0.53358734,0.30949527,-0.37268743,-0.20234385,-0.032059535,0.059716336,-0.14856352,-0.07858962,-0.15334967,-0.3726333,0.20303895,0.08275198,0.20044738,-0.0063809417,-0.105673365,0.20715609,0.20788099,0.23751637,-0.11820122,-0.124445185,-0.29802924,-0.24614567,-0.0069289897,-0.054714955,-0.06591008,0.20332466,0.00087081746,-0.14932102,-0.06757529,0.18776646,0.2816698,-0.25608206,-0.07313651,-0.0692877,-0.16022581,0.04281144,-0.08957956,0.2762222,-0.1987982,-0.46660504,0.119384564,-0.21111123,-0.28274748,-0.091464,0.0014979034,-0.78362954,-0.22850204,-0.03112296,0.44142693,-0.31160793,0.42753622,-0.26116395,0.15981168,0.3248169,0.009130676,-0.14992668,0.20966986,0.058324948,-0.1507498,-0.5807136,0.02264562,-0.109237425,-0.13031332,-0.109393895,0.40256462,-0.32997927,0.2312383,0.20730864,0.4065005,0.18786392,0.1393027,0.23332818,0.22879297,0.03153028,0.28481427,0.3415345,0.15194048,0.046856627,-0.4071778,0.47852194,0.35003072,-0.3234923,0.18276158,0.23169553,-0.30842787,-0.28501838,-0.25528175,-0.16558991,0.18490104,-0.28876445,-0.26542243,0.16607228,-0.5384969,0.14476062,0.019009631,0.43043193,-0.039283887,0.21366797,-0.702564,0.045089718,-0.49370062,0.032427788,0.401747,0.23302014,-0.026090197,-0.26531047,-0.06500694,-0.2601223,0.181993,0.074640706,-0.32710224,0.39293998,0.2788343,-0.2514188,-0.073142156,0.020343492,0.36936283,0.13975167,-0.3711725,-0.14211628,-0.21510239,0.22705218,-0.5407508,-0.028789077,-0.2676056,-0.04073655,-0.0030336054,-0.28085324,0.03980721,0.18392557,0.0928097,0.3848532,-0.12659469,-0.03852333,0.4125509,-0.5832658,0.43380815,0.3727272,0.43773246,-0.054034818,0.06254088,0.18756035,0.20293574,-0.11585959,-0.040989373,0.026342133,0.1461521,0.4130718,-0.370579,-0.36024383,0.021037553,-0.08304915,0.17626697,-0.06972859,-0.07853732,0.18994533,-0.047295712,-0.26824018,0.327963,0.043189928,0.3300421,-0.026297364,-0.030248687,-0.26406366,0.09575243,-0.043546893,0.19337681,-0.19228084,0.24311337,0.35368314,0.107719354,0.17036079,0.020062221,0.019768437,-0.23028424,0.4350958,0.108841754,0.29167038,-0.4746144,-0.101944804,-0.037949596
-0.14203052,-0.13391672,0.0656652,0.5728677,0.2986687,-0.39483222,-0.13106817,0.43322006,-0.2027163,0.079910696,-0.03856791,-0.29544687,0.10379303,0.15799677,-0.12912002,-0.23402122,-0.12058109,0.10471704,0.34103662,-0.53465515,0.3107303,-0.37464145,-0.20442815,-0.031295806,0.058696993,-0.14841546,-0.07883491,-0.15439372,-0.37379706,0.20381531,0.08240952,0.20108363,-0.007142422,-0.10531008,0.20854943,0.20814453,0.2390005,-0.11772943,-0.12541336,-0.2979252,-0.246919,-0.0063674054,-0.056103986,-0.06646346,0.20345971,-0.00015749414,-0.14798354,-0.06806317,0.18830359,0.2828354,-0.25657743,-0.072659515,-0.06833899,-0.16027594,0.043324772,-0.08872459,0.2776043,-0.19852988,-0.46759674,0.11951935,-0.21195564,-0.2833022,-0.09236574,0.0010018058,-0.7839459,-0.23028748,-0.030050823,0.442395,-0.31127304,0.42824277,-0.26067704,0.15967281,0.32535082,0.008616637,-0.1513297,0.21114647,0.05766984,-0.15077385,-0.58166784,0.022584334,-0.10973467,-0.13112864,-0.10949598,0.40283793,-0.33117512,0.23229873,0.20728482,0.4083881,0.18891943,0.13998652,0.23407651,0.22912057,0.031562265,0.2850129,0.34138376,0.15211324,0.046282537,-0.40814084,0.47997743,0.3517127,-0.32509914,0.18249309,0.23151098,-0.31055832,-0.2859368,-0.25591817,-0.16644132,0.1846974,-0.2891645,-0.2651742,0.16687708,-0.5389608,0.14542405,0.019356413,0.43124446,-0.039432112,0.2135028,-0.70406735,0.046471167,-0.49502054,0.032414168,0.40279263,0.23345572,-0.025678497,-0.2656992,-0.06439283,-0.26019895,0.18195474,0.07484827,-0.3286609,0.39346233,0.27997935,-0.25260517,-0.07269421,0.021411937,0.3693218,0.1398191,-0.37203744,-0.1428413,-0.2165507,0.22596738,-0.5427577,-0.028893232,-0.26857308,-0.04122669,-0.0030479056,-0.28102186,0.040065803,0.18359804,0.09324698,0.3858772,-0.12552927,-0.038511973,0.4148457,-0.5842463,0.4341345,0.37365916,0.43856204,-0.055196516,0.061932437,0.18705538,0.20221868,-0.11673234,-0.040920343,0.026594907,0.14532733,0.41480678,-0.37309852,-0.36068118,0.022447374,-0.08375823,0.17641959,-0.0700865,-0.0790921,0.19066426,-0.046229765,-0.2695044,0.32947633,0.043106597,0.33164588,-0.025547706,-0.030313095,-0.26442772,0.095355615,-0.044297643,0.19362321,-0.19389297,0.24354288,0.35400975,0.109322995,0.17125423,0.020335456,0.020343011,-0.23101339,0.4367426,0.11000499,0.29264838,-0.4755654,-0.10307407,-0.037687957
